{
  "method": "SpacyLabeling",
  "seconds": 0.240546,
  "report": {
  "LEG": {
    "precision": 0.9,
    "recall": 0.8181818181818182,
    "f1-score": 0.8571428571428572,
    "support": 11.0
  },
  "MON": {
    "precision": 0.7777777777777778,
    "recall": 0.875,
    "f1-score": 0.823529411764706,
    "support": 16.0
  },
  "ORG": {
    "precision": 0.4583333333333333,
    "recall": 0.4230769230769231,
    "f1-score": 0.43999999999999995,
    "support": 26.0
  },
  "O": {
    "precision": 0.9756410256410256,
    "recall": 0.9768934531450578,
    "f1-score": 0.9762668377164849,
    "support": 779.0
  },
  "accuracy": 0.9555288461538461,
  "macro avg": {
    "precision": 0.7779380341880342,
    "recall": 0.7732880486009498,
    "f1-score": 0.774234776656012,
    "support": 832.0
  },
  "weighted avg": {
    "precision": 0.9546700361604207,
    "recall": 0.9555288461538461,
    "f1-score": 0.9549962843725341,
    "support": 832.0
  }
},
  "overlap": {
  "ORG": {
    "precision": 0.4,
    "recall": 0.5714285714285714,
    "f1": 0.47058823529411764
  },
  "MON": {
    "precision": 0.75,
    "recall": 1.0,
    "f1": 0.8571428571428571
  },
  "LEG": {
    "precision": 1.0,
    "recall": 0.75,
    "f1": 0.8571428571428571
  },
  "micro": {
    "precision": 0.6190476190476191,
    "recall": 0.7647058823529411,
    "f1": 0.6842105263157895
  },
  "macro_f1": 0.7282913165266106
}
}
