{
  "method": "TokenNB_data_priors",
  "seconds": 0.008417,
  "report": {
  "LEG": {
    "precision": 0.0,
    "recall": 0.0,
    "f1-score": 0.0,
    "support": 11.0
  },
  "MON": {
    "precision": 0.0,
    "recall": 0.0,
    "f1-score": 0.0,
    "support": 16.0
  },
  "ORG": {
    "precision": 0.0,
    "recall": 0.0,
    "f1-score": 0.0,
    "support": 26.0
  },
  "O": {
    "precision": 0.9362980769230769,
    "recall": 1.0,
    "f1-score": 0.9671011793916822,
    "support": 779.0
  },
  "accuracy": 0.9362980769230769,
  "macro avg": {
    "precision": 0.23407451923076922,
    "recall": 0.25,
    "f1-score": 0.24177529484792054,
    "support": 832.0
  },
  "weighted avg": {
    "precision": 0.8766540888498521,
    "recall": 0.9362980769230769,
    "f1-score": 0.9054949744544717,
    "support": 832.0
  }
}
}
