{
  "method": "TokenNB_uniform_priors",
  "seconds": 0.010570,
  "report": {
  "LEG": {
    "precision": 0.036231884057971016,
    "recall": 0.45454545454545453,
    "f1-score": 0.06711409395973154,
    "support": 11.0
  },
  "MON": {
    "precision": 1.0,
    "recall": 0.8125,
    "f1-score": 0.896551724137931,
    "support": 16.0
  },
  "ORG": {
    "precision": 0.75,
    "recall": 0.11538461538461539,
    "f1-score": 0.19999999999999998,
    "support": 26.0
  },
  "O": {
    "precision": 0.9556868537666174,
    "recall": 0.8305519897304237,
    "f1-score": 0.8887362637362638,
    "support": 779.0
  },
  "accuracy": 0.8028846153846154,
  "macro avg": {
    "precision": 0.685479684456147,
    "recall": 0.5532455149151234,
    "f1-score": 0.5131005204584816,
    "support": 832.0
  },
  "weighted avg": {
    "precision": 0.9379550598663854,
    "recall": 0.8028846153846154,
    "f1-score": 0.8565007596998959,
    "support": 832.0
  }
},
  "overlap": {
  "ORG": {
    "precision": 0.75,
    "recall": 0.42857142857142855,
    "f1": 0.5454545454545454
  },
  "MON": {
    "precision": 0.6666666666666666,
    "recall": 1.0,
    "f1": 0.8
  },
  "LEG": {
    "precision": 0.01834862385321101,
    "recall": 0.5,
    "f1": 0.035398230088495575
  },
  "micro": {
    "precision": 0.09016393442622951,
    "recall": 0.6470588235294118,
    "f1": 0.15827338129496404
  }
}
}
