{
  "method": "RuleChef",
  "seconds": 370.745109,
  "report": {
  "LEG": {
    "precision": 0.0410958904109589,
    "recall": 0.2727272727272727,
    "f1-score": 0.07142857142857142,
    "support": 11.0
  },
  "MON": {
    "precision": 0.05389221556886228,
    "recall": 0.5625,
    "f1-score": 0.09836065573770492,
    "support": 16.0
  },
  "ORG": {
    "precision": 0.007407407407407408,
    "recall": 0.038461538461538464,
    "f1-score": 0.012422360248447208,
    "support": 26.0
  },
  "O": {
    "precision": 0.9562363238512035,
    "recall": 0.5609756097560976,
    "f1-score": 0.7071197411003237,
    "support": 779.0
  },
  "accuracy": 0.5408653846153846,
  "macro avg": {
    "precision": 0.264657959309608,
    "recall": 0.3586661052362272,
    "f1-score": 0.22233283212876181,
    "support": 832.0
  },
  "weighted avg": {
    "precision": 0.8971334364378636,
    "recall": 0.5408653846153847,
    "f1-score": 0.6652989717080882,
    "support": 832.0
  }
},
  "overlap": {
  "ORG": {
    "precision": 0.008695652173913044,
    "recall": 0.14285714285714285,
    "f1": 0.01639344262295082
  },
  "MON": {
    "precision": 0.08333333333333333,
    "recall": 0.5,
    "f1": 0.14285714285714285
  },
  "LEG": {
    "precision": 0.08,
    "recall": 0.5,
    "f1": 0.13793103448275865
  },
  "micro": {
    "precision": 0.03409090909090909,
    "recall": 0.35294117647058826,
    "f1": 0.0621761658031088
  }
}
}
