{
  "method": "BERT",
  "seconds": 99.515888,
  "report": {
  "LEG": {
    "precision": 1.0,
    "recall": 0.2727272727272727,
    "f1-score": 0.42857142857142855,
    "support": 11.0
  },
  "MON": {
    "precision": 0.9,
    "recall": 0.5625,
    "f1-score": 0.6923076923076923,
    "support": 16.0
  },
  "ORG": {
    "precision": 0.9230769230769231,
    "recall": 0.46153846153846156,
    "f1-score": 0.6153846153846155,
    "support": 26.0
  },
  "O": {
    "precision": 0.9640198511166254,
    "recall": 0.9974326059050064,
    "f1-score": 0.980441640378549,
    "support": 779.0
  },
  "accuracy": 0.9627403846153846,
  "macro avg": {
    "precision": 0.9467741935483871,
    "recall": 0.5735495850426852,
    "f1-score": 0.6791763441605714,
    "support": 832.0
  },
  "weighted avg": {
    "precision": 0.9619849327161673,
    "recall": 0.9627403846153846,
    "f1-score": 0.956196209911176,
    "support": 832.0
  }
},
  "overlap": {
  "ORG": {
    "precision": 0.8333333333333334,
    "recall": 0.7142857142857143,
    "f1": 0.7692307692307692
  },
  "MON": {
    "precision": 0.8,
    "recall": 0.6666666666666666,
    "f1": 0.7272727272727272
  },
  "LEG": {
    "precision": 1.0,
    "recall": 0.25,
    "f1": 0.4
  },
  "micro": {
    "precision": 0.8333333333333334,
    "recall": 0.5882352941176471,
    "f1": 0.6896551724137931
  }
}
}
