{
  "method": "EnhancedRuleBasedNER",
  "seconds": 0.005552,
  "report": {
    "LEG": {
      "precision": 0.8333333333333334,
      "recall": 0.45454545454545453,
      "f1-score": 0.5882352941176471,
      "support": 11.0
    },
    "MON": {
      "precision": 0.6470588235294118,
      "recall": 0.6875,
      "f1-score": 0.6666666666666667,
      "support": 16.0
    },
    "ORG": {
      "precision": 0.20833333333333334,
      "recall": 0.19230769230769232,
      "f1-score": 0.2,
      "support": 26.0
    },
    "O": {
      "precision": 0.9617834394904459,
      "recall": 0.9691912708600771,
      "f1-score": 0.9654731457800512,
      "support": 779.0
    },
    "accuracy": 0.9326923076923077,
    "macro avg": {
      "precision": 0.6626272324216311,
      "recall": 0.575886104428306,
      "f1-score": 0.6050937766410912,
      "support": 832.0
    },
    "weighted avg": {
      "precision": 0.930487468597189,
      "recall": 0.9326923076923077,
      "f1-score": 0.9308183118565153,
      "support": 832.0
    }
  },
  "overlap": {
    "ORG": {
      "precision": 0.21739130434782608,
      "recall": 0.7142857142857143,
      "f1": 0.3333333333333333
    },
    "MON": {
      "precision": 0.6666666666666666,
      "recall": 1.0,
      "f1": 0.8
    },
    "LEG": {
      "precision": 1.0,
      "recall": 0.5,
      "f1": 0.6666666666666666
    },
    "micro": {
      "precision": 0.38235294117647056,
      "recall": 0.7647058823529411,
      "f1": 0.5098039215686274
    }
  }
}