{
  "method": "SimpleRuleNER",
  "seconds": 0.005831,
  "report": {
  "LEG": {
    "precision": 0.4375,
    "recall": 0.6363636363636364,
    "f1-score": 0.5185185185185185,
    "support": 11.0
  },
  "MON": {
    "precision": 0.4,
    "recall": 0.75,
    "f1-score": 0.5217391304347827,
    "support": 16.0
  },
  "ORG": {
    "precision": 0.0,
    "recall": 0.0,
    "f1-score": 0.0,
    "support": 26.0
  },
  "O": {
    "precision": 0.9592875318066157,
    "recall": 0.9679075738125802,
    "f1-score": 0.9635782747603835,
    "support": 779.0
  },
  "accuracy": 0.9290865384615384,
  "macro avg": {
    "precision": 0.44919688295165394,
    "recall": 0.5885678025440542,
    "f1-score": 0.5009589809284212,
    "support": 832.0
  },
  "weighted avg": {
    "precision": 0.9116556337468193,
    "recall": 0.9290865384615384,
    "f1-score": 0.9190853435444699,
    "support": 832.0
  }
}
}
