{
  "method": "CRF",
  "seconds": 0.764098,
  "report": {
  "LEG": {
    "precision": 0.7,
    "recall": 0.6363636363636364,
    "f1-score": 0.6666666666666666,
    "support": 11.0
  },
  "MON": {
    "precision": 0.9411764705882353,
    "recall": 1.0,
    "f1-score": 0.9696969696969697,
    "support": 16.0
  },
  "ORG": {
    "precision": 0.1,
    "recall": 0.038461538461538464,
    "f1-score": 0.05555555555555555,
    "support": 26.0
  },
  "O": {
    "precision": 0.9647798742138365,
    "recall": 0.9845956354300385,
    "f1-score": 0.9745870393900888,
    "support": 779.0
  },
  "accuracy": 0.9507211538461539,
  "macro avg": {
    "precision": 0.676489086200518,
    "recall": 0.6648552025638033,
    "f1-score": 0.6666265578273202,
    "support": 832.0
  },
  "weighted avg": {
    "precision": 0.933800896084123,
    "recall": 0.9507211538461539,
    "f1-score": 0.9417022030983275,
    "support": 832.0
  }
},
  "overlap": {
  "ORG": {
    "precision": 0.3333333333333333,
    "recall": 0.14285714285714285,
    "f1": 0.2
  },
  "MON": {
    "precision": 1.0,
    "recall": 1.0,
    "f1": 1.0
  },
  "LEG": {
    "precision": 0.6666666666666666,
    "recall": 0.5,
    "f1": 0.5714285714285715
  },
  "micro": {
    "precision": 0.75,
    "recall": 0.5294117647058824,
    "f1": 0.6206896551724139
  }
}
}
